[
  {
    "name": "A. Menarini Farmaceutica Internazionale SRL",
    "img": "644.jpg",
    "contact": [
      {
        "Address": "Menarini House, Mercury Park, Wycombe Lane, Wooburn Green, Buckinghamshire, HP10 0HH"
      },
      {
        "Fax": "+44 (0) 1628 856402"
      },
      {
        "Medical Information e-mail": "menarini@medinformation.co.uk"
      },
      {
        "Telephone": "0800 085 8678"
      },
      {
        "Medical Information Direct Line": "0800 085 8678"
      },
      {
        "Out of Hours Telephone": "0800 085 8678"
      }
    ]
  },
  {
    "name": "Accord Healthcare Limited ",
    "img": "3203.jpg",
    "contact": [
      {
        "Address": "Sage House, 319 Pinner Road, North Harrow, Middlesex, HA1 4HF, UK"
      },
      {
        "Telephone": "+44 (0)208 8631 427"
      },
      {
        "Medical Information e-mail": "medinfo@accord-healthcare.com"
      },
      {
        "Medical Information Fax": "+44 (0)208 861 4867"
      },
      {
        "WWW": "http://www.accord-healthcare.eu"
      },
      {
        "Medical Information Direct Line": "+44 (0)1271 385257"
      },
      {
        "Customer Care direct line": "0800 373 573"
      }
    ]
  },
  {
    "name": "Alliance Pharmaceuticals",
    "img": "7.jpg",
    "contact": [
      {
        "Address": "Avonbridge House, Bath Road, Chippenham, Wiltshire, SN15 2BB"
      },
      {
        "Telephone": "+44 (0)1249 466 966"
      },
      {
        "Medical Information e-mail": "medinfo@alliancepharma.co.uk"
      },
      {
        "WWW": "http://www.alliancepharma.co.uk"
      },
      {
        "Fax": "+44 (0)1249 466 977"
      }
    ]
  },
  {
    "name": "Bausch & Lomb U.K Limited",
    "img": "2442.jpg",
    "contact": [
      {
        "Address": "Bausch & Lomb House, 106 London Road, Kingston-upon-Thames, Surrey, KT2 6TN, UK"
      },
      {
        "Medical Information Direct Line": "+44 (0) 208 781 2993"
      },
      {
        "Customer Care direct line": "Tel: +44 (0)208 781 2991   Fax: +44 (0)208 781 295"
      },
      {
        "Telephone": "+44 (0)208 781 2900"
      },
      {
        "Medical Information e-mail": "UKMedInformation@bausch.com"
      }
    ]
  },
  {
    "name": "Bayer plc",
    "img": "13.jpg",
    "contact": [
      {
        "Address": "400 South Oak Way, Reading, Berkshire, RG2 6AD"
      },
      {
        "Telephone": "+44 (0)118 206 3000"
      },
      {
        "WWW": "http://www.bayer.co.uk"
      },
      {
        "Medical Information e-mail": "medical.information@bayer.co.uk"
      }
    ]
  },
  {
    "name": "Biotest (UK) Ltd",
    "img": "3039.jpg",
    "contact": [
      {
        "Address": "1st Floor, Park Point, 17 High Street, Longbridge, Birmingham, West Midlands, B31 2UQ, UK"
      },
      {
        "Telephone": "+44 (0)121 733 3393"
      },
      {
        "Medical Information Direct Line": "+44 (0)121 744 8444"
      },
      {
        "Customer Care direct line": "+44 (0)121 733 3393"
      },
      {
        "WWW": "http://www.biotestuk.com"
      },
      {
        "Fax": "+44 (0)121 733 3066"
      },
      {
        "Medical Information e-mail": "medicinesinformation.uk@biotest.com"
      },
      {
        "Medical Information Fax": "+44 (0)121 733 3066"
      }
    ]
  },
  {
    "name": "Camurus AB",
    "img": "3873.jpg",
    "contact": [
      {
        "Address": "Ideon Science Park, SE-223 70 Lund, Sweden"
      },
      {
        "Telephone": "+800 2577 2577"
      },
      {
        "Medical Information e-mail": "medicalinfo@camurus.com"
      },
      {
        "Stock Availability": "+44 (0)1773 4741 701"
      },
      {
        "WWW": "https://www.camurus.com"
      },
      {
        "Medical Information Direct Line": "+800 2577 2577"
      },
      {
        "Customer Care direct line": "+44 (0)1773 441 701"
      }
    ]
  },
  {
    "name": "Casen Recordati S.L.",
    "img": "2683.jpg",
    "contact": [
      {
        "Address": "Autovía de Logroño, km. 13,300 , 50180 Utebo  (Zaragoza) , Spain"
      },
      {
        "Telephone": "+34976462626"
      },
      {
        "E-mail": "pharmacovigilance@casenrecordati.com"
      },
      {
        "Medical Information e-mail": "info@casenrecordati.com"
      },
      {
        "Medical Information Fax": "+34913518799"
      },
      {
        "WWW": "http://www.casenrecordati.com"
      },
      {
        "Fax": "+34976771560"
      },
      {
        "Medical Information Direct Line": "+34913517964"
      },
      {
        "Customer Care direct line": "+34913518800"
      }
    ]
  },
  {
    "name": "Chugai Pharma UK Limited",
    "img": "31.jpg",
    "contact": [
      {
        "Address": "Mulliner House, Flanders Road, Turnham Green, London, W4 1NN"
      },
      {
        "Telephone": "+44 (0)208 987 5600"
      },
      {
        "Medical Information e-mail": "medinfo@chugai-pharm.co.uk"
      },
      {
        "WWW": "http://www.chugai-pharm.co.uk/"
      },
      {
        "Fax": "+44 (0)208 987 5660"
      }
    ]
  },
  {
    "name": "Daiichi Sankyo UK Limited",
    "img": "115.jpg",
    "contact": [
      {
        "Address": "1st Floor, Building 4, Uxbridge Business Park, Sanderson Road, Uxbridge, UB8 1DH, UK"
      },
      {
        "Medical Information Direct Line": "+44 (0) 800 028 5122"
      },
      {
        "Customer Care direct line": "+44 (0) 800 028 5122"
      },
      {
        "Telephone": "+44 (0) 800 028 5122"
      },
      {
        "Medical Information e-mail": "medinfo@daiichi-sankyo.co.uk"
      },
      {
        "Out of Hours Telephone": "+44 (0) 800 028 5122"
      }
    ]
  },
  {
    "name": "Dermal Laboratories Limited",
    "img": "36.jpg",
    "contact": [
      {
        "Address": "Tatmore Place, Gosmore, Hitchin, Herts, SG4 7QR"
      },
      {
        "Telephone": "+44 (0)1462 458 866"
      },
      {
        "WWW": "http://www.dermal.co.uk"
      },
      {
        "Fax": "+44 (0)1462 420 565"
      }
    ]
  },
  {
    "name": "Dexcel Pharma Ltd",
    "img": "1396.jpg",
    "contact": [
      {
        "Address": "7, Sopwith Way, Drayton Fields, Daventry, Northamptonshire, NN11 8PB, UK"
      },
      {
        "Telephone": "+44 (0)1327 312 266"
      },
      {
        "E-mail": "office@dexcel.com"
      },
      {
        "Medical Information e-mail": "Dexcel@EU.ProPharmaGroup.com"
      },
      {
        "WWW": "http://www.dexcelpharma.com"
      },
      {
        "Fax": "+44 (0)1327 312 262"
      },
      {
        "Medical Information Direct Line": "+44 (0) 1748 828 784"
      },
      {
        "Out of Hours Telephone": "+44 (0) 1748 828 784"
      }
    ]
  },
  {
    "name": "Eisai Ltd",
    "img": "44.jpg",
    "contact": [
      {
        "Address": "European Knowledge Centre, Mosquito Way, Hatfield, Hertfordshire, AL10 9SN"
      },
      {
        "Telephone": "+44 (0)845 676 1400"
      },
      {
        "Out of Hours Telephone": "+44 (0)208 600 1400"
      },
      {
        "WWW": "http://www.eisai.eu"
      },
      {
        "Medical Information e-mail": "EUMedInfo@eisai.net"
      }
    ]
  },
  {
    "name": "Emergent BioSolutions UK",
    "img": "3290.jpg",
    "contact": [
      {
        "Address": "Building 3, Chiswick Park, 566 Chiswick High Road, London, W4 5YA"
      },
      {
        "Telephone": "0800 060 8702"
      },
      {
        "Medical Information Direct Line": "0800 088 5449"
      },
      {
        "Customer Care direct line": "0845 080 5190"
      },
      {
        "WWW": "https://emergenttravelhealth.uk/"
      },
      {
        "E-mail": "infouk@ebsi.com"
      },
      {
        "Medical Information e-mail": "medicalinformation@ebsi.com"
      }
    ]
  },
  {
    "name": "Essential Pharma Ltd",
    "img": "3274.jpg",
    "contact": [
      {
        "Address": "Unit 7 Egham Business Village, Crabtree Road, Egham, Surrey, TW20 8RB"
      },
      {
        "Fax": "+44 (0)1784 471 776"
      },
      {
        "Medical Information e-mail": "info@essentialpharmaceuticals.com"
      },
      {
        "Telephone": "+44 (0)1784 477 167"
      },
      {
        "Medical Information Direct Line": "+44 (0)1784 477 167"
      }
    ]
  },
  {
    "name": "Fannin UK/Kent Pharma UK Limited",
    "img": "1101.jpg",
    "contact": [
      {
        "Address": "42-46 Booth Drive, Park Farm South, Wellingborough, Northamptonshire, NN8 6GT"
      },
      {
        "Telephone": "0845 437 5565"
      },
      {
        "Medical Information Direct Line": "+44 (0)1233 506 574"
      },
      {
        "Customer Care direct line": "0800 220 280"
      },
      {
        "WWW": "http://www.kentpharm.co.uk"
      },
      {
        "Fax": "0845 437 5567"
      },
      {
        "Medical Information e-mail": "medical@athlone-laboratories.com"
      }
    ]
  },
  {
    "name": "Ferndale Pharmaceuticals Ltd",
    "img": "2228.jpg",
    "contact": [
      {
        "Address": "Unit 740 Thorp Arch Estate, Wetherby, LS23 7FX"
      },
      {
        "Telephone": "+44 (0)1937 541122"
      },
      {
        "Medical Information e-mail": "info@ferndalepharma.co.uk"
      },
      {
        "WWW": "http://www.ferndalepharma.co.uk"
      },
      {
        "Medical Information Direct Line": "+ 44(0)1937 541122"
      }
    ]
  },
  {
    "name": "Flexipharm Austrading Limited",
    "img": "3955.jpg",
    "contact": [
      {
        "Address": "ATI House, 6 Boston Drive, Bourne End, Buckinghamshire, SL8 5YS, UK"
      },
      {
        "Telephone": "+44 (0)1628 290433"
      },
      {
        "Customer Care direct line": "+44 (0)1628 290 488"
      },
      {
        "Stock Availability": "+44 (0)1628 290 488"
      },
      {
        "WWW": "http://www.flexipharmaustrading.com"
      },
      {
        "Medical Information Direct Line": "+44 (0)1480 273 425"
      },
      {
        "Medical Information Fax": "+44 (0)1480 463 984"
      }
    ]
  },
  {
    "name": "Galderma (U.K) Ltd",
    "img": "56.jpg",
    "contact": [
      {
        "Address": "Meridien House, 69-71 Clarendon Road, Watford, Hertfordshire, WD17 1DS, UK"
      },
      {
        "Fax": "+44 (0)1923 208998"
      },
      {
        "Telephone": "+44 (0)1923 208950"
      },
      {
        "Medical Information e-mail": "info.uk@galderma.com"
      }
    ]
  },
  {
    "name": "Gedeon Richter (UK) Ltd",
    "img": "3207.jpg",
    "contact": [
      {
        "Address": "127 Shirland Road, London, W9 2EP, UK"
      },
      {
        "Telephone": "+44(0)207 604 8800"
      },
      {
        "Medical Information Direct Line": "+44 (0)207 604 8806"
      },
      {
        "Customer Care direct line": "+44 (0)207 604 8800"
      },
      {
        "WWW": "http://www.gedeonrichter.co.uk"
      },
      {
        "E-mail": "drugsafety.uk@gedeonrichter.eu"
      },
      {
        "Medical Information e-mail": "medinfo.uk@gedeonrichter.eu"
      },
      {
        "Medical Information Fax": ""
      }
    ]
  },
  {
    "name": "Gilead Sciences Ltd",
    "img": "603.jpg",
    "contact": [
      {
        "Address": "280 High Holborn, London, WC1V 7EE, UK"
      },
      {
        "E-mail": "UKCustomer.Services@gilead.com"
      },
      {
        "Medical Information Direct Line": "+353 214 825 999 (Ireland)"
      },
      {
        "Customer Care direct line": "+44 (0)203 681 4681"
      },
      {
        "Telephone": "+44 (0)203 681 4500"
      },
      {
        "Medical Information Direct Line": "08000 113 700 (UK)"
      },
      {
        "Medical Information e-mail": "ukmedinfo@gilead.com"
      }
    ]
  },
  {
    "name": "hameln pharma ltd",
    "img": "2175.jpg",
    "contact": [
      {
        "Address": "Nexus, Gloucester Business Park, Gloucester, GL3 4AG, UK"
      },
      {
        "Telephone": "+44 (0)1452 621 661"
      },
      {
        "Medical Information e-mail": "drugsafety@hameln.co.uk"
      },
      {
        "WWW": "http://www.hameln.co.uk"
      },
      {
        "Fax": "+44 (0)1452 632 732"
      }
    ]
  },
  {
    "name": "HK Pharma Limited",
    "img": "63.jpg",
    "contact": [
      {
        "Address": "ALTURiX Ltd, 287 Upper Fourth Street, Milton Keynes, MK9 1EH, UK"
      },
      {
        "Telephone": "+44( 0)845 5191 609"
      },
      {
        "WWW": "www.alturix.com"
      },
      {
        "E-mail": "medinfo@alturix.com"
      }
    ]
  },
  {
    "name": "Immedica",
    "img": "3917.jpg",
    "contact": [
      {
        "Address": "The Townhouse, 114-116 Fore Street, Hertford,, Herts, SG14 1AJ, UK"
      },
      {
        "Telephone": "+46 (0)8 533 39 500"
      },
      {
        "Medical Information e-mail": "medical@immedica.com"
      },
      {
        "WWW": "http://www.immedica.com"
      },
      {
        "Medical Information Direct Line": "+46 (0)8 533 39 500"
      }
    ]
  },
  {
    "name": "Incyte Biosciences UK Ltd",
    "img": "3248.jpg",
    "contact": [
      {
        "Address": "First Floor Q1, The Square, Randalls Way, Leatherhead, Surrey, KT22 7TW, UK"
      },
      {
        "Telephone": "+44 800 7833711"
      },
      {
        "Medical Information Direct Line": "00800 000 274 23"
      },
      {
        "WWW": "http://www.incyte.com"
      },
      {
        "Fax": "0800 0669105"
      },
      {
        "Medical Information e-mail": "eumedinfo@incyte.com"
      }
    ]
  },
  {
    "name": "infirst Ltd",
    "img": "3310.jpg",
    "contact": [
      {
        "Address": "Central Point, 45 Beech Street, London, EC2Y 8AD, UK"
      },
      {
        "Telephone": "+44 (0)207 153 6600"
      },
      {
        "Medical Information Direct Line": "0808 281 0143"
      },
      {
        "Customer Care direct line": "0808 281 0143"
      },
      {
        "WWW": "http://www.infirst.co.uk"
      },
      {
        "Fax": "+44 (0)207 153 6571"
      },
      {
        "Medical Information e-mail": "medinfo@infirst.co.uk"
      },
      {
        "Medical Information Fax": ""
      }
    ]
  },
  {
    "name": "Janssen-Cilag Ltd",
    "img": "69.jpg",
    "contact": [
      {
        "Address": "50 - 100 Holmers Farm Way, High Wycombe, Bucks, HP12 4EG"
      },
      {
        "Telephone": "+44 (0)1494 567 567"
      },
      {
        "Medical Information Direct Line": "+44 (0)800 731 8450"
      },
      {
        "Customer Care direct line": "+44 (0)800 731 5550"
      },
      {
        "WWW": "http://www.janssen-cilag.co.uk"
      },
      {
        "Fax": "+44 (0)1494 567 568"
      },
      {
        "Medical Information e-mail": "medinfo@janssen-cilag.co.uk"
      },
      {
        "Medical Information Fax": "+44 (0) 1494 567 445"
      }
    ]
  },
  {
    "name": "Karo Pharma AB",
    "img": "3982.jpg",
    "contact": [
      {
        "Address": "Klara Norra Kyrkogata 33, Stockholm, Sweden"
      },
      {
        "Telephone": "+46 10 330 23 10"
      },
      {
        "Medical Information e-mail": "Medinfo@karopharma.com"
      },
      {
        "Stock Availability": "supply@Karopharma.se"
      },
      {
        "WWW": "https://www.karopharma.com/"
      },
      {
        "Medical Information Direct Line": "0-808-189-4327"
      },
      {
        "Customer Care direct line": "+46 103302310"
      }
    ]
  },
  {
    "name": "Kind Consumer Ltd",
    "img": "4024.jpg",
    "contact": [
      {
        "Address": "79 Clerkenwell Road, London, EC1R 5AR"
      },
      {
        "Medical Information Direct Line": "+44 (0)1271 334 609"
      },
      {
        "Customer Care direct line": "0800 046 9980"
      },
      {
        "Telephone": "+44 (0)203 206 4940"
      },
      {
        "Medical Information e-mail": "medicalinformation@jensongroup.com"
      }
    ]
  },
  {
    "name": "L.D. Collins & Co. Ltd.",
    "img": "3678.jpg",
    "contact": [
      {
        "Address": "1st Floor, Gallery Court, Arcadia Avenue, London, N3 2FG, UK"
      },
      {
        "Telephone": "+44 (0)2071 298660"
      },
      {
        "Medical Information e-mail": "medicalinfo@ldcollins.com"
      },
      {
        "Stock Availability": "enquiries@ldcollins.com"
      },
      {
        "WWW": "http://ldcollins.com"
      },
      {
        "Medical Information Direct Line": "+44 (0)2071 298660"
      },
      {
        "Customer Care direct line": "+44 (0)2071 298660"
      }
    ]
  },
  {
    "name": "Lantheus MI UK Limited ",
    "img": "3365.jpg",
    "contact": [
      {
        "Address": "Festival House , 39 Oxford Street, Newbury, Berkshire , RG14 1JG, UK"
      },
      {
        "Telephone": "+44 1635 573 553"
      },
      {
        "Medical Information Direct Line": "+44 1635 573 048"
      },
      {
        "Customer Care direct line": "+44 1635 573 048"
      },
      {
        "WWW": "www.lantheus.com"
      },
      {
        "Fax": "+44 1635 581 584"
      },
      {
        "Medical Information e-mail": "medicalinformation@lantheus.com"
      }
    ]
  },
  {
    "name": "LFB Biopharmaceuticals Limited",
    "img": "3261.jpg",
    "contact": [
      {
        "Address": "PO Box 63587, London, N6 9BR"
      },
      {
        "Telephone": "+44 (0)77 67 755396"
      },
      {
        "Medical Information e-mail": "medinfo.uk@pharmalex.com."
      },
      {
        "Medical Information Fax": "+44(0)1628 530559"
      },
      {
        "WWW": "www.lfbbiopharmaceuticals.co.uk"
      },
      {
        "Medical Information Direct Line": "+44(0)1628 531171"
      },
      {
        "Customer Care direct line": "+44(0)1773 515034"
      },
      {
        "Stock Availability": "+44 (0)7767 755 396"
      }
    ]
  },
  {
    "name": "M & A Pharmachem Ltd",
    "img": "2873.jpg",
    "contact": [
      {
        "Address": "Allenby Laboratories, Wigan Road, Westhoughton, Bolton, BL5 2AL"
      },
      {
        "Telephone": "+44 (0 ) 1942 852085"
      },
      {
        "Medical Information Direct Line": "+44 (0)1942 852 085"
      },
      {
        "Customer Care direct line": "+44 (0) 1942 816184"
      },
      {
        "WWW": "http://www.mapharmachem.co.uk"
      },
      {
        "Fax": "+44 (0)1942 813699"
      },
      {
        "Medical Information e-mail": "info@mapharmachem.co.uk"
      },
      {
        "Medical Information Fax": "+44(0) 1942 813699"
      }
    ]
  },
  {
    "name": "Martindale Pharma, an Ethypharm Group Company",
    "img": "2380.jpg",
    "contact": [
      {
        "Address": "Building A2, Glory Park Avenue, Wooburn Green, High Wycombe, Buckinghamshire, HP10 0DF, UK"
      },
      {
        "Telephone": "+44 (0) 1277 266 600"
      },
      {
        "WWW": "http://ethypharm.co.uk/"
      },
      {
        "Medical Information e-mail": "medinfo@ethypharm.com"
      }
    ]
  },
  {
    "name": "Merck",
    "img": "1930.jpg",
    "contact": [
      {
        "Address": "Merck Serono Ltd, 5 New Square, Bedfont Lakes Business Park, Feltham, Middlesex, TW14 8HA, UK"
      },
      {
        "Fax": "+44 (0)208 818 7267"
      },
      {
        "Medical Information e-mail": "medinfo.uk@merckgroup.com"
      },
      {
        "Telephone": "+44 (0)208 818 7200"
      },
      {
        "Medical Information Direct Line": "+44 (0)208 818 7373"
      },
      {
        "Medical Information Fax": "+44 (0)208 818 7274"
      }
    ]
  },
  {
    "name": "Napp Pharmaceuticals Limited",
    "img": "88.jpg",
    "contact": [
      {
        "Address": "Cambridge Science Park, Milton Road, Cambridge, Cambridgeshire, CB4 0GW"
      },
      {
        "Telephone": "+44 (0)1223 424 444"
      },
      {
        "WWW": "http://www.napp.co.uk"
      },
      {
        "Medical Information e-mail": "medicalinformationuk@napp.co.uk"
      }
    ]
  },
  {
    "name": "Neon Healthcare Ltd",
    "img": "4137.jpg",
    "contact": [
      {
        "Address": "Mill Studio, Crane Mead, Ware,, Herts, SG12 9PY"
      },
      {
        "Telephone": "+44 (0)1920 444345"
      },
      {
        "Medical Information e-mail": "office@neonhealthcare.com"
      },
      {
        "Stock Availability": "office@neonhealthcare.com"
      },
      {
        "WWW": "http://www.neonhealthcare.com"
      },
      {
        "Medical Information Direct Line": "+44 (0)1920 444345"
      },
      {
        "Customer Care direct line": "+44 (0)1920 444345"
      },
      {
        "Stock Availability": "+44 (0)1920 444345"
      }
    ]
  },
  {
    "name": "Nordic Pharma Limited ",
    "img": "2690.jpg",
    "contact": [
      {
        "Address": "3 Commerce Park, Brunel Road, Theale, Reading, Berkshire, RG7 4AB"
      },
      {
        "Fax": "+44 (0) 118 207 9161"
      },
      {
        "Medical Information e-mail": "nordic@professionalinformation.co.uk"
      },
      {
        "Stock Availability": "quest.orders@mpwpharma.co.uk"
      },
      {
        "Telephone": "+44 (0) 118 207 9160"
      },
      {
        "Medical Information Direct Line": "+44 (0) 800 121 8924"
      },
      {
        "Medical Information Fax": "+44 (0) 44 1748 828801"
      }
    ]
  },
  {
    "name": "Octapharma Limited",
    "img": "1561.jpg",
    "contact": [
      {
        "Address": "The Zenith Building, 26 Spring Gardens, Manchester, Lancashire, M2 1AB"
      },
      {
        "Telephone": "+44 (0)161 837 3770"
      },
      {
        "Medical Information Direct Line": "+44 (0)161 837 3781"
      },
      {
        "Medical Information Fax": "+44 (0)161 837 3799"
      },
      {
        "WWW": "http://www.octapharma.co.uk"
      },
      {
        "Fax": "+44 (0)161 837 3799"
      },
      {
        "Medical Information e-mail": "medinfo.uk@octapharma.com"
      }
    ]
  },
  {
    "name": "Orexigen Therapeutics Ireland Limited",
    "img": "3396.jpg",
    "contact": [
      {
        "Address": "2nd Floor, Palmerston House, Dublin 2, Ireland"
      },
      {
        "Medical Information e-mail": "currax.mi@primevigilance.com"
      },
      {
        "Medical Information Fax": "+44 203 905 2657"
      },
      {
        "Medical Information Direct Line": "0800-051-6402"
      },
      {
        "Customer Care direct line": "0800-051-6402"
      }
    ]
  },
  {
    "name": "Panpharma UK Ltd",
    "img": "3333.jpg",
    "contact": [
      {
        "Address": "Cotton Exchange, Bixteth Street, Liverpool, L3 9LQ"
      },
      {
        "E-mail": "info@panpharma.uk"
      },
      {
        "Medical Information e-mail": "pvservices@diamondpharmaservices.com"
      },
      {
        "Stock Availability": "+44 (0)151 556 1984"
      },
      {
        "Telephone": "+44 (0)151 556 1984"
      },
      {
        "Medical Information Direct Line": "+44 (0)1279 406 759"
      },
      {
        "Customer Care direct line": "+44 (0)151 556 1984"
      }
    ]
  },
  {
    "name": "PARI Pharma GmbH",
    "img": "3325.jpg",
    "contact": [
      {
        "Address": "Moosstraße 3,, Starnberg, Germany"
      },
      {
        "Telephone": "+49 89 74 28 46 10"
      },
      {
        "Medical Information Direct Line": "+49 89 74 28 46 832"
      },
      {
        "Medical Information Fax": "+49 89 74 28 46 30"
      },
      {
        "WWW": "http://www.paripharma.com"
      },
      {
        "Fax": "+49 89 74 28 46 30"
      },
      {
        "Medical Information e-mail": "verena.prusinovsky@pari.com"
      },
      {
        "Medical Information Fax": "+49 89 74 28 46 30"
      }
    ]
  },
  {
    "name": "Pharming Group N.V.",
    "img": "3352.jpg",
    "contact": [
      {
        "Address": "Pharming Group N.V., Darwinweg 24, 2333 CR Leiden, Netherlands"
      },
      {
        "Telephone": "+31 71 5247 400"
      },
      {
        "Medical Information Direct Line": "+44 161 696 1478"
      },
      {
        "Customer Care direct line": "+44 7764 280448"
      },
      {
        "Stock Availability": "+31 71 5247 440"
      },
      {
        "WWW": "https://www.pharming.com"
      },
      {
        "Fax": "+31 71 5247 445"
      },
      {
        "Medical Information e-mail": "medicalinformation@pharming.com"
      },
      {
        "Medical Information Fax": "+44 161 696 1572"
      }
    ]
  },
  {
    "name": "Qdem Pharmaceuticals Limited",
    "img": "3212.jpg",
    "contact": [
      {
        "Address": "Cambridge Science Park, Milton Road, Cambridge, CB4 0AB"
      },
      {
        "Telephone": "+44(0)1223 426 929"
      },
      {
        "Customer Care direct line": "+44(0)1223 426 929"
      },
      {
        "WWW": "Http://www.qdem.co.uk"
      },
      {
        "Medical Information Direct Line": "+44(0)1223 426 929"
      }
    ]
  },
  {
    "name": "Ranbaxy (UK) Limited a Sun Pharmaceutical Company",
    "img": "2272.jpg",
    "contact": [
      {
        "Address": "5th Floor, Hyde Park, Hayes, 3, 11 Millington Road, Hayes, UB3 4AZ, UK"
      },
      {
        "Telephone": "+44 (0) 208 848 8688"
      },
      {
        "Medical Information Direct Line": "+44 (0) 208 848 5052"
      },
      {
        "Out of Hours contact": "medinfoeurope@sunpharma.com"
      },
      {
        "WWW": "http://www.sunpharma.com"
      },
      {
        "E-mail": "Cserv.uk@sunpharma.com"
      },
      {
        "Medical Information e-mail": "medinfoeurope@sunpharma.com"
      }
    ]
  },
  {
    "name": "Reckitt Benckiser Healthcare (UK) Ltd",
    "img": "111.jpg",
    "contact": [
      {
        "Address": "RB Consumer Relations, PO Box 4644, SLOUGH, SL1 0NS, UK"
      },
      {
        "Telephone": "0333 2005 345"
      },
      {
        "Customer Care direct line": "0333 2005 345"
      },
      {
        "WWW": "http://www.reckittbenckiser.com"
      },
      {
        "Medical Information Direct Line": "0333 2005 345"
      }
    ]
  },
  {
    "name": "Renascience Pharma Ltd ",
    "img": "3777.jpg",
    "contact": [
      {
        "Address": "11 George Street West , Bedfordshire , Luton , LU1 2BJ"
      },
      {
        "Telephone": "01582227470"
      },
      {
        "Medical Information Direct Line": "01582227470"
      },
      {
        "Stock Availability": "Available via Oxford Pharmacy Stores"
      },
      {
        "WWW": "www.renasciencepharma.com"
      },
      {
        "E-mail": "info@renasciencepharma.com"
      },
      {
        "Customer Care direct line": "01582227470"
      }
    ]
  },
  {
    "name": "Sandoz Limited",
    "img": "2502.jpg",
    "contact": [
      {
        "Address": "Park View, Riverside Way, Watchmoor Park, Camberley, Surrey, GU15 3YL, UK"
      },
      {
        "Telephone": "+44 (0) 1276 698020"
      },
      {
        "Medical Information e-mail": "Sandozgb@EU.propharmagroup.com"
      },
      {
        "Adverse event reporting telephone": "0845 601 1387"
      },
      {
        "WWW": "http://www.sandoz.com"
      },
      {
        "Medical Information Direct Line": "+44 (0)1276 698 101"
      },
      {
        "Adverse event reporting email": "uk.patientsafety@novartis.com"
      }
    ]
  },
  {
    "name": "Sanofi Genzyme",
    "img": "1508.jpg",
    "contact": [
      {
        "Address": "Sanofi, 410 Thames Valley Park Drive, Reading, Berkshire, RG6 1PT"
      },
      {
        "Medical Information Direct Line": "+44 (0)800 035 2525"
      },
      {
        "Telephone": "+44 (0)845 023 0441"
      },
      {
        "Medical Information e-mail": "uk-medicalinformation@sanofi.com"
      }
    ]
  },
  {
    "name": "Sigma Pharmaceuticals PLC (Special Concept Development / RxFarma)",
    "img": "3394.jpg",
    "contact": [
      {
        "Address": "HD House, Imperial Way, North Watford, Hertfordshire, WD24 4LQ, UK"
      },
      {
        "Telephone": "+44 (0)800 358 4427"
      },
      {
        "Medical Information Direct Line": "+44 (0)800 358 0163"
      },
      {
        "Customer Care direct line": "+44 (0)800 358 4427"
      },
      {
        "Stock Availability": "info@sigmaplc.co.uk"
      },
      {
        "WWW": "http://www.sigmaplc.co.uk"
      },
      {
        "Fax": "+44 (0)800 597 4439"
      },
      {
        "Medical Information e-mail": "medinfo@sigmaplc.co.uk"
      },
      {
        "Medical Information Fax": "+44 (0)800 597 4439"
      }
    ]
  },
  {
    "name": "Takeda UK Ltd",
    "img": "130.jpg",
    "contact": [
      {
        "Address": "1 Kingdom Street, London, W2 6BD, UK"
      },
      {
        "Telephone": "+44 3333 000 181"
      },
      {
        "Drug Safety e-mail": "DSO-UK@takeda.com"
      },
      {
        "WWW": "www.takeda.com/en-gb/"
      },
      {
        "Medical Information e-mail": "medinfoemea@takeda.com"
      }
    ]
  },
  {
    "name": "Ten Pharma (a subsidiary of BCM Specials Ltd)",
    "img": "4076.jpg",
    "contact": [
      {
        "Address": "1, Thane Road West, NG2 3AA"
      },
      {
        "Telephone": "+44 (0)115 968 6464"
      },
      {
        "Medical Information Direct Line": "+44 (0)1271 334 609"
      },
      {
        "Customer Care direct line": "+44 (0)1271 334 609"
      },
      {
        "WWW": "http://bcm-manufacturing.com"
      },
      {
        "Fax": "+44 (0) 115 959 1098"
      },
      {
        "Medical Information e-mail": "medicalinformation@jensongroup.com"
      }
    ]
  },
  {
    "name": "Therakind Limited ",
    "img": "3379.jpg",
    "contact": [
      {
        "Address": "Third Floor, 314 Regents Park Road, London, N3 2JX, UK"
      },
      {
        "Telephone": "+44 (0)208 346 6035"
      },
      {
        "Medical Information e-mail": "medinfo@intrapharmlabs.com"
      },
      {
        "WWW": "http://www.therakind.com"
      },
      {
        "Medical Information Direct Line": "+44 (0)330 1359 437"
      },
      {
        "Stock Availability": "+44 (0)1628 771 800"
      }
    ]
  },
  {
    "name": "UCB Pharma Limited",
    "img": "133.jpg",
    "contact": [
      {
        "Address": "208 Bath Road, Slough, Berkshire, SL1 3WE"
      },
      {
        "Medical Information Direct Line": "+44 (0) 1753 777 100"
      },
      {
        "Telephone": "+ 44 (0) 1753 534655"
      },
      {
        "Medical Information e-mail": "UCBCares.UK@ucb.com"
      }
    ]
  },
  {
    "name": "Valneva UK Limited",
    "img": "3309.jpg",
    "contact": [
      {
        "Address": "Oakbank Park Road, Livingston, Scotland, EH53 0TG"
      },
      {
        "Medical Information Direct Line": "+ enquiries +44 (0)1506 446 608"
      },
      {
        "Medical Information e-mail": "Safety@valneva.com"
      },
      {
        "WWW": "http://www.valnevauk.co.uk"
      },
      {
        "Medical Information e-mail": "medinfo@valneva.com"
      }
    ]
  },
  {
    "name": "Vertex Pharmaceuticals (Europe) Limited",
    "img": "3258.jpg",
    "contact": [
      {
        "Address": "2 Kingdom Street, London, W2 6BD, UK"
      },
      {
        "Fax": "+44 (0)20 3204 5220"
      },
      {
        "Medical Information e-mail": "vertexmedicalinfo@vrtx.com"
      },
      {
        "Medical Information Fax": "+44 (0)1235 438 190"
      },
      {
        "Telephone": "+44 (0)20 3204 5100"
      },
      {
        "Medical Information Direct Line": "+44 (0)1923 437 672"
      },
      {
        "Customer Care direct line": "+44 (0)1923 437 672"
      }
    ]
  },
  {
    "name": "Vifor Fresenius Medical Care Renal Pharma UK Ltd",
    "img": "2902.jpg",
    "contact": [
      {
        "Address": "Second Floor, Waterfront, Watermans Business Park, Kingsbury Crescent, Staines-upon-Thames, Surrey, TW18 3BA, UK"
      },
      {
        "Fax": "+44 (0)1276 452 341"
      },
      {
        "Medical Information e-mail": "medicalinfo_UK@viforpharma.com"
      },
      {
        "Telephone": "+44 (0)1276 853 600"
      },
      {
        "Medical Information Direct Line": "+44 (0)1276 853 633"
      }
    ]
  },
  {
    "name": "Wallace Manufacturing Chemists Ltd",
    "img": "3204.jpg",
    "contact": [
      {
        "Address": "Wallace House, New Abbey Court, 51-53 Stert Street, Abingdon, Oxon, OX14 3JF, UK"
      },
      {
        "Telephone": "+44(0) 1235 538 700"
      },
      {
        "Medical Information Direct Line": "+44 (0)1235 538 700"
      },
      {
        "Medical Information Fax": "+44 (0)1235 538 800"
      },
      {
        "WWW": "http://www.alinter.co.uk"
      },
      {
        "Fax": "+44 (0)1235 538 800"
      },
      {
        "Customer Care direct line": "+44 (0)1235 538 700"
      }
    ]
  },
  {
    "name": "Zentiva",
    "img": "3185.jpg",
    "contact": [
      {
        "Address": "12 New Fetter Lane, LONDON, EC4A 1JP, UK"
      },
      {
        "Medical Information Direct Line": "+44 (0)800 090 2408"
      },
      {
        "Customer Care direct line": "+44 (0)844 8793 188"
      },
      {
        "E-mail": "gfd-customerservices@zentiva.com"
      },
      {
        "Medical Information e-mail": "UKMedInfo@zentiva.com"
      }
    ]
  }
]